filename,model_1_response,model_2_response
brit1.jpg,"да
Голова Круглая, морда короткая.",N/A
brit10.jpg,"да
* **Голова:** Круглая
* **Шерсть:** Короткая
* **Глаза:** Медные
* **Телосложение:** Плотное",N/A
brit2.jpg,"Да.

*   Шерсть
*   Морда
*   Глаза",N/A
brit3.jpg,"да
Голова: круглая
Глаза: круглые
Шерсть: короткая",N/A
brit4.jpg,"да
признак: шерсть",N/A
brit5.jpg,"Да.

Круглая (голова), янтарные (глаза), короткая (шерсть).
",N/A
brit6.jpg,"да
Морда, шерсть, глаза.",N/A
brit7.jpg,"Да.

Округлые, шерсть, глаза.
",N/A
brit8.jpg,"да

Круглая(морда)",N/A
brit9.jpg,"да
Голова.",N/A
brithard1.jpg,"да
Морда.",N/A
brithard2.jpg,"да

*   Шерсть: плюшевая
*   Морда: круглая
*   Цвет: голубой",N/A
brithard3.jpg,"да
Глаза.",N/A
brithard4.jpg,"да
Глаза
Окрас",N/A
random1.jpg,"Нет.
Уши: большие.
Порода: Ориентальная.",N/A
random2.jpg,"нет

Длина: Шерсть",N/A
random3.jpg,"Error: ResourceExhausted, 429 You exceeded your current quota, please check your plan and billing details. For more information on this error, head to: https://ai.google.dev/gemini-api/docs/rate-limits. To monitor your current usage, head to: https://ai.dev/usage?tab=rate-limit. 
* Quota exceeded for metric: generativelanguage.googleapis.com/generate_content_free_tier_requests, limit: 15
Please retry in 11.42140204s. [violations {
  quota_metric: ""generativelanguage.googleapis.com/generate_content_free_tier_requests""
  quota_id: ""GenerateRequestsPerMinutePerProjectPerModel-FreeTier""
  quota_dimensions {
    key: ""model""
    value: ""gemini-2.0-flash""
  }
  quota_dimensions {
    key: ""location""
    value: ""global""
  }
  quota_value: 15
}
, links {
  description: ""Learn more about Gemini API quotas""
  url: ""https://ai.google.dev/gemini-api/docs/rate-limits""
}
, retry_delay {
  seconds: 11
}
]",N/A
random4.jpg,"Error: ResourceExhausted, 429 You exceeded your current quota, please check your plan and billing details. For more information on this error, head to: https://ai.google.dev/gemini-api/docs/rate-limits. To monitor your current usage, head to: https://ai.dev/usage?tab=rate-limit. 
* Quota exceeded for metric: generativelanguage.googleapis.com/generate_content_free_tier_requests, limit: 15
Please retry in 11.324753338s. [violations {
  quota_metric: ""generativelanguage.googleapis.com/generate_content_free_tier_requests""
  quota_id: ""GenerateRequestsPerMinutePerProjectPerModel-FreeTier""
  quota_dimensions {
    key: ""model""
    value: ""gemini-2.0-flash""
  }
  quota_dimensions {
    key: ""location""
    value: ""global""
  }
  quota_value: 15
}
, links {
  description: ""Learn more about Gemini API quotas""
  url: ""https://ai.google.dev/gemini-api/docs/rate-limits""
}
, retry_delay {
  seconds: 11
}
]",N/A
random5.jpg,"Error: ResourceExhausted, 429 You exceeded your current quota, please check your plan and billing details. For more information on this error, head to: https://ai.google.dev/gemini-api/docs/rate-limits. To monitor your current usage, head to: https://ai.dev/usage?tab=rate-limit. 
* Quota exceeded for metric: generativelanguage.googleapis.com/generate_content_free_tier_requests, limit: 15
Please retry in 11.234048256s. [violations {
  quota_metric: ""generativelanguage.googleapis.com/generate_content_free_tier_requests""
  quota_id: ""GenerateRequestsPerMinutePerProjectPerModel-FreeTier""
  quota_dimensions {
    key: ""model""
    value: ""gemini-2.0-flash""
  }
  quota_dimensions {
    key: ""location""
    value: ""global""
  }
  quota_value: 15
}
, links {
  description: ""Learn more about Gemini API quotas""
  url: ""https://ai.google.dev/gemini-api/docs/rate-limits""
}
, retry_delay {
  seconds: 11
}
]",N/A
random6.jpg,"Error: ResourceExhausted, 429 You exceeded your current quota, please check your plan and billing details. For more information on this error, head to: https://ai.google.dev/gemini-api/docs/rate-limits. To monitor your current usage, head to: https://ai.dev/usage?tab=rate-limit. 
* Quota exceeded for metric: generativelanguage.googleapis.com/generate_content_free_tier_requests, limit: 15
Please retry in 11.133548213s. [violations {
  quota_metric: ""generativelanguage.googleapis.com/generate_content_free_tier_requests""
  quota_id: ""GenerateRequestsPerMinutePerProjectPerModel-FreeTier""
  quota_dimensions {
    key: ""model""
    value: ""gemini-2.0-flash""
  }
  quota_dimensions {
    key: ""location""
    value: ""global""
  }
  quota_value: 15
}
, links {
  description: ""Learn more about Gemini API quotas""
  url: ""https://ai.google.dev/gemini-api/docs/rate-limits""
}
, retry_delay {
  seconds: 11
}
]",N/A
rus1.jpg,"Error: ResourceExhausted, 429 You exceeded your current quota, please check your plan and billing details. For more information on this error, head to: https://ai.google.dev/gemini-api/docs/rate-limits. To monitor your current usage, head to: https://ai.dev/usage?tab=rate-limit. 
* Quota exceeded for metric: generativelanguage.googleapis.com/generate_content_free_tier_requests, limit: 15
Please retry in 11.046979579s. [violations {
  quota_metric: ""generativelanguage.googleapis.com/generate_content_free_tier_requests""
  quota_id: ""GenerateRequestsPerMinutePerProjectPerModel-FreeTier""
  quota_dimensions {
    key: ""model""
    value: ""gemini-2.0-flash""
  }
  quota_dimensions {
    key: ""location""
    value: ""global""
  }
  quota_value: 15
}
, links {
  description: ""Learn more about Gemini API quotas""
  url: ""https://ai.google.dev/gemini-api/docs/rate-limits""
}
, retry_delay {
  seconds: 11
}
]",N/A
rus2.jpg,"Error: ResourceExhausted, 429 You exceeded your current quota, please check your plan and billing details. For more information on this error, head to: https://ai.google.dev/gemini-api/docs/rate-limits. To monitor your current usage, head to: https://ai.dev/usage?tab=rate-limit. 
* Quota exceeded for metric: generativelanguage.googleapis.com/generate_content_free_tier_requests, limit: 15
Please retry in 10.961470725s. [violations {
  quota_metric: ""generativelanguage.googleapis.com/generate_content_free_tier_requests""
  quota_id: ""GenerateRequestsPerMinutePerProjectPerModel-FreeTier""
  quota_dimensions {
    key: ""model""
    value: ""gemini-2.0-flash""
  }
  quota_dimensions {
    key: ""location""
    value: ""global""
  }
  quota_value: 15
}
, links {
  description: ""Learn more about Gemini API quotas""
  url: ""https://ai.google.dev/gemini-api/docs/rate-limits""
}
, retry_delay {
  seconds: 10
}
]",N/A
rus3.jpg,"Error: ResourceExhausted, 429 You exceeded your current quota, please check your plan and billing details. For more information on this error, head to: https://ai.google.dev/gemini-api/docs/rate-limits. To monitor your current usage, head to: https://ai.dev/usage?tab=rate-limit. 
* Quota exceeded for metric: generativelanguage.googleapis.com/generate_content_free_tier_requests, limit: 15
Please retry in 10.858499117s. [violations {
  quota_metric: ""generativelanguage.googleapis.com/generate_content_free_tier_requests""
  quota_id: ""GenerateRequestsPerMinutePerProjectPerModel-FreeTier""
  quota_dimensions {
    key: ""model""
    value: ""gemini-2.0-flash""
  }
  quota_dimensions {
    key: ""location""
    value: ""global""
  }
  quota_value: 15
}
, links {
  description: ""Learn more about Gemini API quotas""
  url: ""https://ai.google.dev/gemini-api/docs/rate-limits""
}
, retry_delay {
  seconds: 10
}
]",N/A
rus4.jpg,"Error: ResourceExhausted, 429 You exceeded your current quota, please check your plan and billing details. For more information on this error, head to: https://ai.google.dev/gemini-api/docs/rate-limits. To monitor your current usage, head to: https://ai.dev/usage?tab=rate-limit. 
* Quota exceeded for metric: generativelanguage.googleapis.com/generate_content_free_tier_requests, limit: 15
Please retry in 10.728005362s. [violations {
  quota_metric: ""generativelanguage.googleapis.com/generate_content_free_tier_requests""
  quota_id: ""GenerateRequestsPerMinutePerProjectPerModel-FreeTier""
  quota_dimensions {
    key: ""model""
    value: ""gemini-2.0-flash""
  }
  quota_dimensions {
    key: ""location""
    value: ""global""
  }
  quota_value: 15
}
, links {
  description: ""Learn more about Gemini API quotas""
  url: ""https://ai.google.dev/gemini-api/docs/rate-limits""
}
, retry_delay {
  seconds: 10
}
]",N/A
rus5.jpg,"Error: ResourceExhausted, 429 You exceeded your current quota, please check your plan and billing details. For more information on this error, head to: https://ai.google.dev/gemini-api/docs/rate-limits. To monitor your current usage, head to: https://ai.dev/usage?tab=rate-limit. 
* Quota exceeded for metric: generativelanguage.googleapis.com/generate_content_free_tier_requests, limit: 15
Please retry in 10.603864695s. [violations {
  quota_metric: ""generativelanguage.googleapis.com/generate_content_free_tier_requests""
  quota_id: ""GenerateRequestsPerMinutePerProjectPerModel-FreeTier""
  quota_dimensions {
    key: ""model""
    value: ""gemini-2.0-flash""
  }
  quota_dimensions {
    key: ""location""
    value: ""global""
  }
  quota_value: 15
}
, links {
  description: ""Learn more about Gemini API quotas""
  url: ""https://ai.google.dev/gemini-api/docs/rate-limits""
}
, retry_delay {
  seconds: 10
}
]",N/A
scot1.jpg,"Error: ResourceExhausted, 429 You exceeded your current quota, please check your plan and billing details. For more information on this error, head to: https://ai.google.dev/gemini-api/docs/rate-limits. To monitor your current usage, head to: https://ai.dev/usage?tab=rate-limit. 
* Quota exceeded for metric: generativelanguage.googleapis.com/generate_content_free_tier_requests, limit: 15
Please retry in 10.510924594s. [violations {
  quota_metric: ""generativelanguage.googleapis.com/generate_content_free_tier_requests""
  quota_id: ""GenerateRequestsPerMinutePerProjectPerModel-FreeTier""
  quota_dimensions {
    key: ""model""
    value: ""gemini-2.0-flash""
  }
  quota_dimensions {
    key: ""location""
    value: ""global""
  }
  quota_value: 15
}
, links {
  description: ""Learn more about Gemini API quotas""
  url: ""https://ai.google.dev/gemini-api/docs/rate-limits""
}
, retry_delay {
  seconds: 10
}
]",N/A
scot2.jpg,"Error: ResourceExhausted, 429 You exceeded your current quota, please check your plan and billing details. For more information on this error, head to: https://ai.google.dev/gemini-api/docs/rate-limits. To monitor your current usage, head to: https://ai.dev/usage?tab=rate-limit. 
* Quota exceeded for metric: generativelanguage.googleapis.com/generate_content_free_tier_requests, limit: 15
Please retry in 10.413881905s. [violations {
  quota_metric: ""generativelanguage.googleapis.com/generate_content_free_tier_requests""
  quota_id: ""GenerateRequestsPerMinutePerProjectPerModel-FreeTier""
  quota_dimensions {
    key: ""model""
    value: ""gemini-2.0-flash""
  }
  quota_dimensions {
    key: ""location""
    value: ""global""
  }
  quota_value: 15
}
, links {
  description: ""Learn more about Gemini API quotas""
  url: ""https://ai.google.dev/gemini-api/docs/rate-limits""
}
, retry_delay {
  seconds: 10
}
]",N/A
scot3.jpg,"Error: ResourceExhausted, 429 You exceeded your current quota, please check your plan and billing details. For more information on this error, head to: https://ai.google.dev/gemini-api/docs/rate-limits. To monitor your current usage, head to: https://ai.dev/usage?tab=rate-limit. 
* Quota exceeded for metric: generativelanguage.googleapis.com/generate_content_free_tier_requests, limit: 15
Please retry in 10.32388142s. [violations {
  quota_metric: ""generativelanguage.googleapis.com/generate_content_free_tier_requests""
  quota_id: ""GenerateRequestsPerMinutePerProjectPerModel-FreeTier""
  quota_dimensions {
    key: ""model""
    value: ""gemini-2.0-flash""
  }
  quota_dimensions {
    key: ""location""
    value: ""global""
  }
  quota_value: 15
}
, links {
  description: ""Learn more about Gemini API quotas""
  url: ""https://ai.google.dev/gemini-api/docs/rate-limits""
}
, retry_delay {
  seconds: 10
}
]",N/A
scot4.jpg,"Error: ResourceExhausted, 429 You exceeded your current quota, please check your plan and billing details. For more information on this error, head to: https://ai.google.dev/gemini-api/docs/rate-limits. To monitor your current usage, head to: https://ai.dev/usage?tab=rate-limit. 
* Quota exceeded for metric: generativelanguage.googleapis.com/generate_content_free_tier_requests, limit: 15
Please retry in 10.196749588s. [violations {
  quota_metric: ""generativelanguage.googleapis.com/generate_content_free_tier_requests""
  quota_id: ""GenerateRequestsPerMinutePerProjectPerModel-FreeTier""
  quota_dimensions {
    key: ""model""
    value: ""gemini-2.0-flash""
  }
  quota_dimensions {
    key: ""location""
    value: ""global""
  }
  quota_value: 15
}
, links {
  description: ""Learn more about Gemini API quotas""
  url: ""https://ai.google.dev/gemini-api/docs/rate-limits""
}
, retry_delay {
  seconds: 10
}
]",N/A
scot5.jpg,"Error: ResourceExhausted, 429 You exceeded your current quota, please check your plan and billing details. For more information on this error, head to: https://ai.google.dev/gemini-api/docs/rate-limits. To monitor your current usage, head to: https://ai.dev/usage?tab=rate-limit. 
* Quota exceeded for metric: generativelanguage.googleapis.com/generate_content_free_tier_requests, limit: 15
Please retry in 10.105639958s. [violations {
  quota_metric: ""generativelanguage.googleapis.com/generate_content_free_tier_requests""
  quota_id: ""GenerateRequestsPerMinutePerProjectPerModel-FreeTier""
  quota_dimensions {
    key: ""model""
    value: ""gemini-2.0-flash""
  }
  quota_dimensions {
    key: ""location""
    value: ""global""
  }
  quota_value: 15
}
, links {
  description: ""Learn more about Gemini API quotas""
  url: ""https://ai.google.dev/gemini-api/docs/rate-limits""
}
, retry_delay {
  seconds: 10
}
]",N/A
